soa_code,population
N00000001,1021
N00000002,427
N00000003,258
N00000004,639
N00000005,491
N00000006,312
N00000007,252
N00000008,308
N00000009,810
N00000010,256
N00000011,329
N00000012,246
N00000013,258
N00000014,474
N00000015,247
N00000016,219
N00000017,392
N00000018,236
N00000019,313
N00000020,220
N00000021,269
N00000022,229
N00000023,232
N00000024,552
N00000025,521
N00000026,517
N00000027,593
N00000028,371
N00000029,437
N00000030,364
N00000031,801
N00000032,351
N00000033,553
N00000034,431
N00000035,272
N00000036,336
N00000037,241
N00000038,421
N00000039,1255
N00000040,267
N00000041,428
N00000042,372
N00000043,1171
N00000044,335
N00000045,505
N00000046,368
N00000047,361
N00000048,295
N00000049,299
N00000050,295
N00000051,330
N00000052,382
N00000053,239
N00000054,270
N00000055,257
N00000056,254
N00000057,291
N00000058,293
N00000059,214
N00000060,384
N00000061,302
N00000062,432
N00000063,444
N00000064,282
N00000065,358
N00000066,253
N00000067,327
N00000068,346
N00000069,325
N00000070,231
N00000071,352
N00000072,1686
N00000073,534
N00000074,1330
N00000075,442
N00000076,320
N00000077,260
N00000078,504
N00000079,572
N00000080,389
N00000081,321
N00000082,377
N00000083,658
N00000084,471
N00000085,436
N00000086,445
N00000087,997
N00000088,231
N00000089,450
N00000090,412
N00000091,464
N00000092,490
N00000093,407
N00000094,542
N00000095,498
N00000096,520
N00000097,841
N00000098,1598
N00000099,286
N00000100,325
N00000101,452
N00000102,300
N00000103,726
N00000104,347
N00000105,326
N00000106,217
N00000107,269
N00000108,241
N00000109,484
N00000110,272
N00000111,323
N00000112,392
N00000113,286
N00000114,286
N00000115,314
N00000116,284
N00000117,164
N00000118,367
N00000119,354
N00000120,322
N00000121,238
N00000122,512
N00000123,346
N00000124,429
N00000125,494
N00000126,460
N00000127,468
N00000128,995
N00000129,352
N00000130,623
N00000131,399
N00000132,392
N00000133,369
N00000134,420
N00000135,363
N00000136,458
N00000137,316
N00000138,414
N00000139,312
N00000140,377
N00000141,429
N00000142,212
N00000143,354
N00000144,234
N00000145,140
N00000146,276
N00000147,208
N00000148,716
N00000149,441
N00000150,364
N00000151,262
N00000152,270
N00000153,230
N00000154,256
N00000155,355
N00000156,275
N00000157,384
N00000158,827
N00000159,218
N00000160,282
N00000161,368
N00000162,264
N00000163,296
N00000164,315
N00000165,303
N00000166,435
N00000167,466
N00000168,363
N00000169,730
N00000170,349
N00000171,437
N00000172,800
N00000173,347
N00000174,465
N00000175,362
N00000176,430
N00000177,296
N00000178,679
N00000179,958
N00000180,275
N00000181,298
N00000182,239
N00000183,310
N00000184,425
N00000185,197
N00000186,326
N00000187,266
N00000188,314
N00000189,429
N00000190,354
N00000191,281
N00000192,314
N00000193,359
N00000194,253
N00000195,245
N00000196,239
N00000197,309
N00000198,272
N00000199,321
N00000200,315
N00000201,300
N00000202,307
N00000203,350
N00000204,380
N00000205,304
N00000206,438
N00000207,300
N00000208,302
N00000209,327
N00000210,375
N00000211,468
N00000212,167
N00000213,292
N00000214,339
N00000215,655
N00000216,413
N00000217,466
N00000218,386
N00000219,250
N00000220,338
N00000221,283
N00000222,249
N00000223,288
N00000224,206
N00000225,138
N00000226,250
N00000227,268
N00000228,294
N00000229,403
N00000230,356
N00000231,283
N00000232,444
N00000233,289
N00000234,288
N00000235,321
N00000236,400
N00000237,406
N00000238,356
N00000239,287
N00000240,343
N00000241,382
N00000242,351
N00000243,256
N00000244,258
N00000245,281
N00000246,322
N00000247,301
N00000248,285
N00000249,365
N00000250,363
N00000251,412
N00000252,353
N00000253,522
N00000254,321
N00000255,393
N00000256,731
N00000257,473
N00000258,374
N00000259,494
N00000260,553
N00000261,591
N00000262,440
N00000263,223
N00000264,579
N00000265,314
N00000266,331
N00000267,408
N00000268,369
N00000269,416
N00000270,393
N00000271,390
N00000272,285
N00000273,588
N00000274,557
N00000275,268
N00000276,314
N00000277,298
N00000278,298
N00000279,144
N00000280,380
N00000281,337
N00000282,420
N00000283,427
N00000284,397
N00000285,340
N00000286,269
N00000287,303
N00000288,340
N00000289,669
N00000290,293
N00000291,551
N00000292,755
N00000293,503
N00000294,439
N00000295,411
N00000296,271
N00000297,355
N00000298,317
N00000299,660
N00000300,320
N00000301,403
N00000302,334
N00000303,341
N00000304,343
N00000305,472
N00000306,377
N00000307,340
N00000308,258
N00000309,337
N00000310,418
N00000311,317
N00000312,546
N00000313,578
N00000314,347
N00000315,354
N00000316,339
N00000317,406
N00000318,302
N00000319,817
N00000320,325
N00000321,549
N00000322,394
N00000323,478
N00000324,411
N00000325,719
N00000326,872
N00000327,362
N00000328,329
N00000329,378
N00000330,584
N00000331,652
N00000332,294
N00000333,274
N00000334,350
N00000335,257
N00000336,330
N00000337,471
N00000338,300
N00000339,350
N00000340,409
N00000341,335
N00000342,323
N00000343,313
N00000344,335
N00000345,407
N00000346,726
N00000347,321
N00000348,470
N00000349,406
N00000350,647
N00000351,437
N00000352,495
N00000353,448
N00000354,502
N00000355,426
N00000356,421
N00000357,1315
N00000358,401
N00000359,856
N00000360,479
N00000361,470
N00000362,443
N00000363,609
N00000364,492
N00000365,298
N00000366,567
N00000367,373
N00000368,605
N00000369,440
N00000370,520
N00000371,452
N00000372,392
N00000373,509
N00000374,486
N00000375,313
N00000376,309
N00000377,271
N00000378,376
N00000379,473
N00000380,616
N00000381,1028
N00000382,612
N00000383,484
N00000384,551
N00000385,500
N00000386,291
N00000387,292
N00000388,1590
N00000389,478
N00000390,1012
N00000391,535
N00000392,1545
N00000393,543
N00000394,402
N00000395,566
N00000396,402
N00000397,545
N00000398,496
N00000399,325
N00000400,256
N00000401,286
N00000402,323
N00000403,579
N00000404,281
N00000405,263
N00000406,438
N00000407,1157
N00000408,550
N00000409,460
N00000410,344
N00000411,418
N00000412,438
N00000413,513
N00000414,410
N00000415,379
N00000416,435
N00000417,596
N00000418,908
N00000419,447
N00000420,351
N00000421,509
N00000422,399
N00000423,476
N00000424,583
N00000425,375
N00000426,311
N00000427,408
N00000428,431
N00000429,432
N00000430,540
N00000431,374
N00000432,307
N00000433,293
N00000434,515
N00000435,476
N00000436,575
N00000437,930
N00000438,554
N00000439,412
N00000440,488
N00000441,338
N00000442,420
N00000443,424
N00000444,705
N00000445,415
N00000446,341
N00000447,276
N00000448,331
N00000449,535
N00000450,533
N00000451,480
N00000452,504
N00000453,332
N00000454,508
N00000455,249
N00000456,306
N00000457,308
N00000458,337
N00000459,767
N00000460,316
N00000461,404
N00000462,217
N00000463,837
N00000464,521
N00000465,288
N00000466,401
N00000467,293
N00000468,287
N00000469,448
N00000470,356
N00000471,294
N00000472,246
N00000473,250
N00000474,346
N00000475,241
N00000476,243
N00000477,658
N00000478,294
N00000479,280
N00000480,314
N00000481,498
N00000482,210
N00000483,253
N00000484,337
N00000485,248
N00000486,338
N00000487,338
N00000488,425
N00000489,279
N00000490,600
N00000491,541
N00000492,484
N00000493,333
N00000494,1026
N00000495,308
N00000496,887
N00000497,843
N00000498,348
N00000499,299
N00000500,560
N00000501,286
N00000502,213
N00000503,418
N00000504,225
N00000505,211
N00000506,263
N00000507,269
N00000508,296
N00000509,330
N00000510,323
N00000511,534
N00000512,416
N00000513,430
N00000514,357
N00000515,331
N00000516,204
N00000517,380
N00000518,310
N00000519,224
N00000520,658
N00000521,380
N00000522,482
N00000523,391
N00000524,508
N00000525,586
N00000526,309
N00000527,447
N00000528,372
N00000529,216
N00000530,300
N00000531,302
N00000532,285
N00000533,354
N00000534,514
N00000535,510
N00000536,418
N00000537,425
N00000538,396
N00000539,343
N00000540,349
N00000541,380
N00000542,281
N00000543,352
N00000544,262
N00000545,260
N00000546,286
N00000547,389
N00000548,302
N00000549,235
N00000550,405
N00000551,290
N00000552,326
N00000553,324
N00000554,281
N00000555,319
N00000556,349
N00000557,537
N00000558,447
N00000559,308
N00000560,441
N00000561,524
N00000562,375
N00000563,1117
N00000564,425
N00000565,252
N00000566,303
N00000567,517
N00000568,405
N00000569,406
N00000570,315
N00000571,320
N00000572,528
N00000573,383
N00000574,430
N00000575,463
N00000576,395
N00000577,484
N00000578,734
N00000579,523
N00000580,468
N00000581,565
N00000582,422
N00000583,344
N00000584,547
N00000585,448
N00000586,462
N00000587,507
N00000588,399
N00000589,686
N00000590,403
N00000591,513
N00000592,500
N00000593,609
N00000594,398
N00000595,557
N00000596,307
N00000597,260
N00000598,552
N00000599,235
N00000600,307
N00000601,327
N00000602,233
N00000603,498
N00000604,323
N00000605,475
N00000606,351
N00000607,289
N00000608,426
N00000609,335
N00000610,403
N00000611,337
N00000612,629
N00000613,253
N00000614,174
N00000615,138
N00000616,298
N00000617,315
N00000618,849
N00000619,351
N00000620,310
N00000621,386
N00000622,430
N00000623,317
N00000624,455
N00000625,370
N00000626,516
N00000627,489
N00000628,426
N00000629,388
N00000630,353
N00000631,407
N00000632,540
N00000633,368
N00000634,521
N00000635,433
N00000636,394
N00000637,739
N00000638,356
N00000639,367
N00000640,490
N00000641,373
N00000642,376
N00000643,520
N00000644,577
N00000645,454
N00000646,403
N00000647,747
N00000648,355
N00000649,402
N00000650,615
N00000651,287
N00000652,549
N00000653,292
N00000654,279
N00000655,487
N00000656,241
N00000657,822
N00000658,447
N00000659,356
N00000660,347
N00000661,369
N00000662,365
N00000663,391
N00000664,433
N00000665,503
N00000666,467
N00000667,629
N00000668,317
N00000669,510
N00000670,319
N00000671,257
N00000672,313
N00000673,968
N00000674,357
N00000675,384
N00000676,832
N00000677,293
N00000678,519
N00000679,605
N00000680,434
N00000681,360
N00000682,538
N00000683,377
N00000684,638
N00000685,320
N00000686,485
N00000687,395
N00000688,423
N00000689,418
N00000690,268
N00000691,312
N00000692,252
N00000693,278
N00000694,823
N00000695,541
N00000696,202
N00000697,383
N00000698,450
N00000699,258
N00000700,274
N00000701,223
N00000702,929
N00000703,336
N00000704,659
N00000705,859
N00000706,448
N00000707,352
N00000708,485
N00000709,547
N00000710,368
N00000711,526
N00000712,421
N00000713,417
N00000714,460
N00000715,624
N00000716,982
N00000717,669
N00000718,2421
N00000719,272
N00000720,484
N00000721,527
N00000722,538
N00000723,512
N00000724,530
N00000725,485
N00000726,436
N00000727,294
N00000728,595
N00000729,363
N00000730,394
N00000731,266
N00000732,601
N00000733,324
N00000734,368
N00000735,410
N00000736,419
N00000737,379
N00000738,514
N00000739,503
N00000740,626
N00000741,430
N00000742,261
N00000743,305
N00000744,295
N00000745,501
N00000746,541
N00000747,380
N00000748,434
N00000749,391
N00000750,304
N00000751,465
N00000752,405
N00000753,516
N00000754,517
N00000755,410
N00000756,388
N00000757,430
N00000758,493
N00000759,300
N00000760,271
N00000761,414
N00000762,211
N00000763,438
N00000764,273
N00000765,388
N00000766,744
N00000767,338
N00000768,235
N00000769,379
N00000770,366
N00000771,259
N00000772,438
N00000773,449
N00000774,1089
N00000775,322
N00000776,353
N00000777,982
N00000778,463
N00000779,621
N00000780,582
N00000781,573
N00000782,535
N00000783,599
N00000784,501
N00000785,385
N00000786,403
N00000787,457
N00000788,500
N00000789,1019
N00000790,537
N00000791,369
N00000792,372
N00000793,473
N00000794,521
N00000795,545
N00000796,407
N00000797,361
N00000798,576
N00000799,580
N00000800,476
N00000801,559
N00000802,254
N00000803,402
N00000804,458
N00000805,381
N00000806,362
N00000807,519
N00000808,224
N00000809,584
N00000810,532
N00000811,322
N00000812,269
N00000813,468
N00000814,258
N00000815,527
N00000816,596
N00000817,250
N00000818,305
N00000819,235
N00000820,367
N00000821,288
N00000822,224
N00000823,376
N00000824,254
N00000825,338
N00000826,286
N00000827,253
N00000828,228
N00000829,279
N00000830,225
N00000831,280
N00000832,243
N00000833,227
N00000834,369
N00000835,272
N00000836,336
N00000837,332
N00000838,273
N00000839,340
N00000840,283
N00000841,274
N00000842,546
N00000843,218
N00000844,175
N00000845,195
N00000846,254
N00000847,947
N00000848,220
N00000849,282
N00000850,258
N00000851,219
N00000852,1198
N00000853,296
N00000854,821
N00000855,139
N00000856,196
N00000857,418
N00000858,204
N00000859,239
N00000860,418
N00000861,336
N00000862,831
N00000863,289
N00000864,340
N00000865,330
N00000866,346
N00000867,316
N00000868,306
N00000869,171
N00000870,395
N00000871,335
N00000872,232
N00000873,312
N00000874,501
N00000875,249
N00000876,197
N00000877,397
N00000878,272
N00000879,998
N00000880,318
N00000881,350
N00000882,293
N00000883,249
N00000884,204
N00000885,693
N00000886,259
N00000887,325
N00000888,259
N00000889,307
N00000890,343
N00000891,312
N00000892,333
N00000893,299
N00000894,256
N00000895,246
N00000896,262
N00000897,369
N00000898,268
N00000899,331
N00000900,225
N00000901,363
N00000902,281
N00000903,201
N00000904,479
N00000905,302
N00000906,255
N00000907,395
N00000908,348
N00000909,219
N00000910,241
N00000911,242
N00000912,244
N00000913,360
N00000914,315
N00000915,213
N00000916,236
N00000917,193
N00000918,266
N00000919,226
N00000920,228
N00000921,731
N00000922,297
N00000923,235
N00000924,237
N00000925,284
N00000926,295
N00000927,271
N00000928,391
N00000929,366
N00000930,542
N00000931,696
N00000932,423
N00000933,274
N00000934,295
N00000935,250
N00000936,468
N00000937,398
N00000938,343
N00000939,206
N00000940,261
N00000941,345
N00000942,268
N00000943,261
N00000944,230
N00000945,247
N00000946,383
N00000947,268
N00000948,201
N00000949,327
N00000950,398
N00000951,254
N00000952,453
N00000953,252
N00000954,285
N00000955,397
N00000956,538
N00000957,550
N00000958,276
N00000959,513
N00000960,502
N00000961,300
N00000962,319
N00000963,265
N00000964,297
N00000965,289
N00000966,306
N00000967,362
N00000968,279
N00000969,204
N00000970,452
N00000971,295
N00000972,345
N00000973,353
N00000974,288
N00000975,325
N00000976,159
N00000977,307
N00000978,265
N00000979,204
N00000980,300
N00000981,243
N00000982,278
N00000983,331
N00000984,392
N00000985,292
N00000986,280
N00000987,473
N00000988,102
N00000989,326
N00000990,263
N00000991,265
N00000992,485
N00000993,242
N00000994,941
N00000995,188
N00000996,354
N00000997,275
N00000998,289
N00000999,244
N00001000,311
N00001001,315
N00001002,793
N00001003,195
N00001004,261
N00001005,234
N00001006,472
N00001007,534
N00001008,230
N00001009,231
N00001010,503
N00001011,511
N00001012,242
N00001013,455
N00001014,287
N00001015,421
N00001016,519
N00001017,522
N00001018,325
N00001019,437
N00001020,360
N00001021,459
N00001022,603
N00001023,375
N00001024,352
N00001025,321
N00001026,300
N00001027,477
N00001028,268
N00001029,717
N00001030,723
N00001031,370
N00001032,210
N00001033,126
N00001034,352
N00001035,269
N00001036,410
N00001037,380
N00001038,702
N00001039,344
N00001040,277
N00001041,183
N00001042,690
N00001043,230
N00001044,296
N00001045,264
N00001046,289
N00001047,313
N00001048,328
N00001049,334
N00001050,355
N00001051,338
N00001052,189
N00001053,386
N00001054,358
N00001055,325
N00001056,338
N00001057,327
N00001058,348
N00001059,297
N00001060,307
N00001061,332
N00001062,289
N00001063,316
N00001064,650
N00001065,332
N00001066,286
N00001067,262
N00001068,332
N00001069,330
N00001070,513
N00001071,320
N00001072,324
N00001073,303
N00001074,254
N00001075,310
N00001076,264
N00001077,228
N00001078,245
N00001079,836
N00001080,346
N00001081,502
N00001082,442
N00001083,400
N00001084,386
N00001085,1110
N00001086,336
N00001087,272
N00001088,289
N00001089,328
N00001090,231
N00001091,362
N00001092,393
N00001093,844
N00001094,246
N00001095,392
N00001096,369
N00001097,290
N00001098,310
N00001099,263
N00001100,266
N00001101,293
N00001102,578
N00001103,257
N00001104,309
N00001105,321
N00001106,424
N00001107,273
N00001108,216
N00001109,361
N00001110,355
N00001111,685
N00001112,314
N00001113,1399
N00001114,336
N00001115,280
N00001116,515
N00001117,689
N00001118,292
N00001119,169
N00001120,228
N00001121,251
N00001122,182
N00001123,175
N00001124,647
N00001125,387
N00001126,330
N00001127,740
N00001128,264
N00001129,494
N00001130,230
N00001131,1288
N00001132,257
N00001133,775
N00001134,242
N00001135,224
N00001136,298
N00001137,300
N00001138,247
N00001139,561
N00001140,275
N00001141,264
N00001142,193
N00001143,138
N00001144,235
N00001145,270
N00001146,278
N00001147,283
N00001148,244
N00001149,368
N00001150,341
N00001151,366
N00001152,383
N00001153,331
N00001154,312
N00001155,681
N00001156,1449
N00001157,267
N00001158,266
N00001159,373
N00001160,305
N00001161,211
N00001162,248
N00001163,338
N00001164,303
N00001165,291
N00001166,581
N00001167,353
N00001168,351
N00001169,292
N00001170,348
N00001171,344
N00001172,334
N00001173,290
N00001174,318
N00001175,275
N00001176,252
N00001177,264
N00001178,400
N00001179,345
N00001180,165
N00001181,293
N00001182,330
N00001183,425
N00001184,302
N00001185,256
N00001186,280
N00001187,324
N00001188,731
N00001189,296
N00001190,253
N00001191,261
N00001192,251
N00001193,222
N00001194,256
N00001195,236
N00001196,318
N00001197,233
N00001198,477
N00001199,170
N00001200,396
N00001201,297
N00001202,316
N00001203,756
N00001204,853
N00001205,510
N00001206,219
N00001207,360
N00001208,309
N00001209,235
N00001210,292
N00001211,302
N00001212,317
N00001213,229
N00001214,270
N00001215,254
N00001216,382
N00001217,398
N00001218,206
N00001219,334
N00001220,257
N00001221,248
N00001222,238
N00001223,309
N00001224,267
N00001225,231
N00001226,271
N00001227,269
N00001228,179
N00001229,350
N00001230,281
N00001231,504
N00001232,355
N00001233,405
N00001234,339
N00001235,887
N00001236,536
N00001237,292
N00001238,304
N00001239,306
N00001240,1056
N00001241,357
N00001242,329
N00001243,273
N00001244,329
N00001245,304
N00001246,587
N00001247,339
N00001248,464
N00001249,392
N00001250,455
N00001251,329
N00001252,304
N00001253,195
N00001254,285
N00001255,271
N00001256,271
N00001257,233
N00001258,241
N00001259,296
N00001260,323
N00001261,276
N00001262,387
N00001263,326
N00001264,211
N00001265,1222
N00001266,243
N00001267,387
N00001268,298
N00001269,524
N00001270,267
N00001271,1610
N00001272,206
N00001273,266
N00001274,189
N00001275,231
N00001276,211
N00001277,262
N00001278,308
N00001279,148
N00001280,235
N00001281,325
N00001282,340
N00001283,369
N00001284,325
N00001285,319
N00001286,308
N00001287,284
N00001288,252
N00001289,276
N00001290,285
N00001291,327
N00001292,893
N00001293,411
N00001294,342
N00001295,303
N00001296,262
N00001297,336
N00001298,352
N00001299,321
N00001300,317
N00001301,328
N00001302,672
N00001303,313
N00001304,327
N00001305,285
N00001306,173
N00001307,277
N00001308,500
N00001309,424
N00001310,1309
N00001311,382
N00001312,726
N00001313,424
N00001314,378
N00001315,225
N00001316,423
N00001317,251
N00001318,291
N00001319,284
N00001320,239
N00001321,258
N00001322,275
N00001323,278
N00001324,272
N00001325,1295
N00001326,370
N00001327,318
N00001328,1030
N00001329,277
N00001330,323
N00001331,309
N00001332,152
N00001333,310
N00001334,320
N00001335,175
N00001336,353
N00001337,295
N00001338,317
N00001339,351
N00001340,827
N00001341,282
N00001342,391
N00001343,239
N00001344,295
N00001345,254
N00001346,862
N00001347,448
N00001348,312
N00001349,244
N00001350,840
N00001351,495
N00001352,307
N00001353,383
N00001354,752
N00001355,282
N00001356,242
N00001357,123
N00001358,325
N00001359,293
N00001360,217
N00001361,187
N00001362,288
N00001363,286
N00001364,525
N00001365,409
N00001366,250
N00001367,382
N00001368,287
N00001369,338
N00001370,393
N00001371,309
N00001372,614
N00001373,292
N00001374,297
N00001375,373
N00001376,188
N00001377,285
N00001378,245
N00001379,204
N00001380,396
N00001381,386
N00001382,371
N00001383,342
N00001384,275
N00001385,386
N00001386,485
N00001387,255
N00001388,298
N00001389,198
N00001390,301
N00001391,315
N00001392,330
N00001393,258
N00001394,314
N00001395,295
N00001396,749
N00001397,166
N00001398,357
N00001399,950
N00001400,362
N00001401,868
N00001402,694
N00001403,404
N00001404,703
N00001405,249
N00001406,224
N00001407,249
N00001408,485
N00001409,304
N00001410,310
N00001411,293
N00001412,147
N00001413,258
N00001414,279
N00001415,275
N00001416,1169
N00001417,440
N00001418,573
N00001419,227
N00001420,307
N00001421,1519
N00001422,193
N00001423,462
N00001424,216
N00001425,295
N00001426,243
N00001427,280
N00001428,280
N00001429,999
N00001430,287
N00001431,361
N00001432,385
N00001433,364
N00001434,332
N00001435,233
N00001436,355
N00001437,203
N00001438,291
N00001439,249
N00001440,279
N00001441,312
N00001442,390
N00001443,316
N00001444,295
N00001445,405
N00001446,298
N00001447,318
N00001448,335
N00001449,297
N00001450,301
N00001451,289
N00001452,348
N00001453,391
N00001454,330
N00001455,245
N00001456,303
N00001457,317
N00001458,317
N00001459,550
N00001460,621
N00001461,351
N00001462,376
N00001463,387
N00001464,361
N00001465,418
N00001466,229
N00001467,1517
N00001468,290
N00001469,262
N00001470,446
N00001471,435
N00001472,1069
N00001473,403
N00001474,350
N00001475,280
N00001476,293
N00001477,299
N00001478,341
N00001479,377
N00001480,509
N00001481,262
N00001482,353
N00001483,264
N00001484,220
N00001485,274
N00001486,363
N00001487,285
N00001488,305
N00001489,326
N00001490,207
N00001491,217
N00001492,259
N00001493,263
N00001494,207
N00001495,288
N00001496,236
N00001497,256
N00001498,447
N00001499,377
N00001500,247
N00001501,533
N00001502,487
N00001503,235
N00001504,316
N00001505,533
N00001506,259
N00001507,304
N00001508,611
N00001509,467
N00001510,238
N00001511,646
N00001512,357
N00001513,283
N00001514,221
N00001515,347
N00001516,298
N00001517,353
N00001518,423
N00001519,362
N00001520,261
N00001521,248
N00001522,262
N00001523,224
N00001524,251
N00001525,254
N00001526,220
N00001527,256
N00001528,245
N00001529,326
N00001530,396
N00001531,325
N00001532,427
N00001533,588
N00001534,309
N00001535,400
N00001536,369
N00001537,317
N00001538,347
N00001539,304
N00001540,430
N00001541,251
N00001542,326
N00001543,334
N00001544,265
N00001545,316
N00001546,441
N00001547,397
N00001548,315
N00001549,356
N00001550,444
N00001551,443
N00001552,346
N00001553,320
N00001554,339
N00001555,255
N00001556,224
N00001557,274
N00001558,303
N00001559,303
N00001560,283
N00001561,267
N00001562,274
N00001563,298
N00001564,358
N00001565,359
N00001566,371
N00001567,261
N00001568,284
N00001569,263
N00001570,1091
N00001571,532
N00001572,370
N00001573,454
N00001574,295
N00001575,357
N00001576,356
N00001577,348
N00001578,300
N00001579,298
N00001580,360
N00001581,283
N00001582,364
N00001583,221
N00001584,161
N00001585,377
N00001586,265
N00001587,339
N00001588,279
N00001589,288
N00001590,305
N00001591,286
N00001592,312
N00001593,464
N00001594,349
N00001595,334
N00001596,339
N00001597,298
N00001598,435
N00001599,426
N00001600,254
N00001601,282
N00001602,324
N00001603,311
N00001604,302
N00001605,286
N00001606,233
N00001607,301
N00001608,259
N00001609,264
N00001610,230
N00001611,334
N00001612,344
N00001613,771
N00001614,232
N00001615,314
N00001616,316
N00001617,228
N00001618,249
N00001619,267
N00001620,420
N00001621,229
N00001622,195
N00001623,294
N00001624,157
N00001625,253
N00001626,203
N00001627,150
N00001628,246
N00001629,309
N00001630,198
N00001631,235
N00001632,238
N00001633,207
N00001634,224
N00001635,306
N00001636,236
N00001637,237
N00001638,228
N00001639,218
N00001640,233
N00001641,247
N00001642,303
N00001643,576
N00001644,293
N00001645,238
N00001646,341
N00001647,279
N00001648,305
N00001649,400
N00001650,282
N00001651,463
N00001652,435
N00001653,396
N00001654,351
N00001655,372
N00001656,261
N00001657,294
N00001658,195
N00001659,233
N00001660,305
N00001661,331
N00001662,278
N00001663,285
N00001664,327
N00001665,343
N00001666,303
N00001667,278
N00001668,381
N00001669,284
N00001670,240
N00001671,321
N00001672,342
N00001673,425
N00001674,248
N00001675,269
N00001676,264
N00001677,570
N00001678,491
N00001679,402
N00001680,521
N00001681,346
N00001682,291
N00001683,500
N00001684,928
N00001685,331
N00001686,262
N00001687,289
N00001688,380
N00001689,243
N00001690,381
N00001691,326
N00001692,278
N00001693,309
N00001694,322
N00001695,389
N00001696,389
N00001697,401
N00001698,260
N00001699,531
N00001700,342
N00001701,271
N00001702,338
N00001703,1040
N00001704,859
N00001705,250
N00001706,463
N00001707,519
N00001708,710
N00001709,289
N00001710,405
N00001711,337
N00001712,381
N00001713,231
N00001714,636
N00001715,320
N00001716,304
N00001717,308
N00001718,306
N00001719,326
N00001720,293
N00001721,291
N00001722,336
N00001723,279
N00001724,255
N00001725,286
N00001726,275
N00001727,232
N00001728,270
N00001729,284
N00001730,191
N00001731,204
N00001732,1001
N00001733,270
N00001734,258
N00001735,299
N00001736,335
N00001737,286
N00001738,328
N00001739,333
N00001740,653
N00001741,293
N00001742,201
N00001743,265
N00001744,324
N00001745,311
N00001746,254
N00001747,684
N00001748,427
N00001749,358
N00001750,259
N00001751,389
N00001752,294
N00001753,324
N00001754,442
N00001755,417
N00001756,332
N00001757,221
N00001758,263
N00001759,317
N00001760,1202
N00001761,485
N00001762,302
N00001763,1393
N00001764,272
N00001765,1008
N00001766,290
N00001767,309
N00001768,301
N00001769,363
N00001770,313
N00001771,948
N00001772,285
N00001773,292
N00001774,269
N00001775,291
N00001776,260
N00001777,358
N00001778,333
N00001779,1354
N00001780,1169
N00001781,432
N00001782,342
N00001783,346
N00001784,227
N00001785,335
N00001786,321
N00001787,274
N00001788,323
N00001789,682
N00001790,445
N00001791,404
N00001792,350
N00001793,421
N00001794,994
N00001795,332
N00001796,286
N00001797,440
N00001798,453
N00001799,327
N00001800,303
N00001801,475
N00001802,339
N00001803,345
N00001804,352
N00001805,874
N00001806,324
N00001807,292
N00001808,242
N00001809,275
N00001810,253
N00001811,272
N00001812,339
N00001813,199
N00001814,659
N00001815,344
N00001816,503
N00001817,286
N00001818,281
N00001819,386
N00001820,359
N00001821,671
N00001822,340
N00001823,380
N00001824,335
N00001825,227
N00001826,335
N00001827,314
N00001828,267
N00001829,249
N00001830,382
N00001831,326
N00001832,280
N00001833,297
N00001834,242
N00001835,283
N00001836,274
N00001837,240
N00001838,243
N00001839,378
N00001840,360
N00001841,356
N00001842,286
N00001843,311
N00001844,301
N00001845,300
N00001846,258
N00001847,287
N00001848,283
N00001849,290
N00001850,606
N00001851,309
N00001852,354
N00001853,340
N00001854,198
N00001855,337
N00001856,291
N00001857,253
N00001858,242
N00001859,255
N00001860,223
N00001861,264
N00001862,431
N00001863,326
N00001864,371
N00001865,535
N00001866,247
N00001867,360
N00001868,355
N00001869,313
N00001870,305
N00001871,380
N00001872,258
N00001873,886
N00001874,395
N00001875,295
N00001876,285
N00001877,311
N00001878,295
N00001879,310
N00001880,287
N00001881,985
N00001882,349
N00001883,292
N00001884,282
N00001885,249
N00001886,239
N00001887,286
N00001888,282
N00001889,254
N00001890,571
N00001891,399
N00001892,286
N00001893,247
N00001894,430
N00001895,308
N00001896,592
N00001897,304
N00001898,287
N00001899,176
N00001900,409
N00001901,376
N00001902,388
N00001903,411
N00001904,269
N00001905,287
N00001906,336
N00001907,394
N00001908,320
N00001909,329
N00001910,379
N00001911,292
N00001912,408
N00001913,252
N00001914,297
N00001915,610
N00001916,277
N00001917,324
N00001918,242
N00001919,328
N00001920,310
N00001921,279
N00001922,293
N00001923,203
N00001924,423
N00001925,318
N00001926,314
N00001927,262
N00001928,254
N00001929,467
N00001930,242
N00001931,268
N00001932,258
N00001933,311
N00001934,300
N00001935,378
N00001936,316
N00001937,345
N00001938,344
N00001939,311
N00001940,365
N00001941,281
N00001942,475
N00001943,446
N00001944,342
N00001945,449
N00001946,390
N00001947,429
N00001948,244
N00001949,717
N00001950,242
N00001951,211
N00001952,231
N00001953,204
N00001954,259
N00001955,237
N00001956,288
N00001957,273
N00001958,326
N00001959,272
N00001960,320
N00001961,393
N00001962,209
N00001963,171
N00001964,343
N00001965,268
N00001966,417
N00001967,486
N00001968,361
N00001969,535
N00001970,298
N00001971,457
N00001972,309
N00001973,404
N00001974,275
N00001975,454
N00001976,561
N00001977,392
N00001978,415
N00001979,300
N00001980,346
N00001981,203
N00001982,901
N00001983,299
N00001984,336
N00001985,238
N00001986,450
N00001987,406
N00001988,601
N00001989,331
N00001990,254
N00001991,329
N00001992,263
N00001993,262
N00001994,335
N00001995,328
N00001996,372
N00001997,381
N00001998,235
N00001999,1242
N00002000,361
N00002001,391
N00002002,308
N00002003,327
N00002004,436
N00002005,146
N00002006,206
N00002007,204
N00002008,633
N00002009,300
N00002010,562
N00002011,585
N00002012,593
N00002013,287
N00002014,938
N00002015,278
N00002016,241
N00002017,278
N00002018,1381
N00002019,239
N00002020,276
N00002021,527
N00002022,407
N00002023,484
N00002024,493
N00002025,196
N00002026,492
N00002027,253
N00002028,1228
N00002029,662
N00002030,312
N00002031,314
N00002032,500
N00002033,254
N00002034,265
N00002035,306
N00002036,355
N00002037,646
N00002038,414
N00002039,279
N00002040,323
N00002041,373
N00002042,302
N00002043,394
N00002044,618
N00002045,473
N00002046,238
N00002047,254
N00002048,168
N00002049,224
N00002050,183
N00002051,438
N00002052,224
N00002053,226
N00002054,432
N00002055,498
N00002056,456
N00002057,442
N00002058,666
N00002059,227
N00002060,916
N00002061,578
N00002062,186
N00002063,303
N00002064,772
N00002065,241
N00002066,336
N00002067,1211
N00002068,227
N00002069,548
N00002070,1165
N00002071,311
N00002072,251
N00002073,262
N00002074,850
N00002075,309
N00002076,223
N00002077,234
N00002078,250
N00002079,684
N00002080,300
N00002081,257
N00002082,1062
N00002083,353
N00002084,415
N00002085,574
N00002086,427
N00002087,219
N00002088,335
N00002089,333
N00002090,466
N00002091,1031
N00002092,535
N00002093,675
N00002094,748
N00002095,455
N00002096,478
N00002097,385
N00002098,420
N00002099,487
N00002100,535
N00002101,585
N00002102,510
N00002103,812
N00002104,284
N00002105,401
N00002106,316
N00002107,519
N00002108,450
N00002109,586
N00002110,548
N00002111,635
N00002112,521
N00002113,520
N00002114,373
N00002115,246
N00002116,214
N00002117,350
N00002118,401
N00002119,248
N00002120,260
N00002121,473
N00002122,532
N00002123,512
N00002124,380
N00002125,1558
N00002126,613
N00002127,798
N00002128,941
N00002129,1133
N00002130,473
N00002131,470
N00002132,420
N00002133,543
N00002134,342
N00002135,543
N00002136,346
N00002137,298
N00002138,331
N00002139,803
N00002140,317
N00002141,212
N00002142,193
N00002143,477
N00002144,618
N00002145,499
N00002146,409
N00002147,361
N00002148,413
N00002149,441
N00002150,354
N00002151,296
N00002152,280
N00002153,467
N00002154,375
N00002155,548
N00002156,335
N00002157,306
N00002158,535
N00002159,579
N00002160,442
N00002161,542
N00002162,468
N00002163,571
N00002164,332
N00002165,371
N00002166,318
N00002167,499
N00002168,384
N00002169,504
N00002170,317
N00002171,619
N00002172,624
N00002173,475
N00002174,520
N00002175,974
N00002176,486
N00002177,657
N00002178,529
N00002179,341
N00002180,316
N00002181,768
N00002182,365
N00002183,368
N00002184,286
N00002185,649
N00002186,310
N00002187,267
N00002188,237
N00002189,255
N00002190,692
N00002191,286
N00002192,583
N00002193,269
N00002194,353
N00002195,336
N00002196,698
N00002197,782
N00002198,294
N00002199,330
N00002200,396
N00002201,215
N00002202,459
N00002203,1191
N00002204,484
N00002205,836
N00002206,373
N00002207,319
N00002208,373
N00002209,335
N00002210,453
N00002211,283
N00002212,289
N00002213,853
N00002214,338
N00002215,284
N00002216,268
N00002217,226
N00002218,260
N00002219,306
N00002220,499
N00002221,491
N00002222,326
N00002223,158
N00002224,211
N00002225,416
N00002226,267
N00002227,299
N00002228,303
N00002229,1032
N00002230,316
N00002231,392
N00002232,924
N00002233,407
N00002234,282
N00002235,354
N00002236,616
N00002237,379
N00002238,268
N00002239,260
N00002240,356
N00002241,341
N00002242,296
N00002243,277
N00002244,287
N00002245,228
N00002246,461
N00002247,401
N00002248,833
N00002249,926
N00002250,348
N00002251,375
N00002252,934
N00002253,437
N00002254,626
N00002255,569
N00002256,522
N00002257,356
N00002258,367
N00002259,370
N00002260,912
N00002261,787
N00002262,499
N00002263,540
N00002264,727
N00002265,770
N00002266,291
N00002267,561
N00002268,944
N00002269,309
N00002270,341
N00002271,365
N00002272,274
N00002273,607
N00002274,259
N00002275,296
N00002276,280
N00002277,643
N00002278,325
N00002279,252
N00002280,295
N00002281,398
N00002282,306
N00002283,268
N00002284,299
N00002285,354
N00002286,329
N00002287,278
N00002288,303
N00002289,254
N00002290,541
N00002291,568
N00002292,344
N00002293,233
N00002294,296
N00002295,410
N00002296,378
N00002297,300
N00002298,310
N00002299,476
N00002300,1370
N00002301,767
N00002302,725
N00002303,622
N00002304,234
N00002305,906
N00002306,2045
N00002307,410
N00002308,296
N00002309,241
N00002310,232
N00002311,265
N00002312,301
N00002313,324
N00002314,370
N00002315,442
N00002316,245
N00002317,310
N00002318,437
N00002319,838
N00002320,332
N00002321,327
N00002322,334
N00002323,340
N00002324,305
N00002325,574
N00002326,311
N00002327,1462
N00002328,363
N00002329,311
N00002330,681
N00002331,650
N00002332,528
N00002333,431
N00002334,346
N00002335,864
N00002336,359
N00002337,380
N00002338,269
N00002339,258
N00002340,287
N00002341,290
N00002342,245
N00002343,379
N00002344,382
N00002345,306
N00002346,231
N00002347,774
N00002348,417
N00002349,277
N00002350,165
N00002351,1766
N00002352,252
N00002353,2081
N00002354,383
N00002355,261
N00002356,392
N00002357,317
N00002358,270
N00002359,248
N00002360,234
N00002361,328
N00002362,233
N00002363,264
N00002364,259
N00002365,304
N00002366,315
N00002367,417
N00002368,474
N00002369,875
N00002370,416
N00002371,497
N00002372,695
N00002373,456
N00002374,305
N00002375,392
N00002376,461
N00002377,536
N00002378,909
N00002379,729
N00002380,347
N00002381,380
N00002382,438
N00002383,427
N00002384,357
N00002385,278
N00002386,254
N00002387,427
N00002388,279
N00002389,323
N00002390,321
N00002391,397
N00002392,305
N00002393,671
N00002394,399
N00002395,380
N00002396,278
N00002397,319
N00002398,380
N00002399,288
N00002400,255
N00002401,1578
N00002402,241
N00002403,380
N00002404,962
N00002405,285
N00002406,345
N00002407,284
N00002408,368
N00002409,317
N00002410,288
N00002411,333
N00002412,325
N00002413,348
N00002414,272
N00002415,288
N00002416,568
N00002417,349
N00002418,516
N00002419,693
N00002420,551
N00002421,436
N00002422,501
N00002423,196
N00002424,332
N00002425,295
N00002426,335
N00002427,351
N00002428,272
N00002429,343
N00002430,316
N00002431,930
N00002432,245
N00002433,338
N00002434,238
N00002435,271
N00002436,388
N00002437,292
N00002438,382
N00002439,325
N00002440,312
N00002441,242
N00002442,327
N00002443,341
N00002444,955
N00002445,360
N00002446,240
N00002447,312
N00002448,333
N00002449,270
N00002450,283
N00002451,745
N00002452,294
N00002453,353
N00002454,344
N00002455,373
N00002456,380
N00002457,563
N00002458,300
N00002459,800
N00002460,444
N00002461,601
N00002462,509
N00002463,447
N00002464,399
N00002465,851
N00002466,330
N00002467,285
N00002468,284
N00002469,594
N00002470,387
N00002471,351
N00002472,422
N00002473,278
N00002474,821
N00002475,380
N00002476,570
N00002477,315
N00002478,542
N00002479,421
N00002480,673
N00002481,333
N00002482,304
N00002483,298
N00002484,276
N00002485,274
N00002486,533
N00002487,466
N00002488,1331
N00002489,851
N00002490,441
N00002491,519
N00002492,268
N00002493,343
N00002494,235
N00002495,610
N00002496,333
N00002497,605
N00002498,1280
N00002499,748
N00002500,598
N00002501,1737
N00002502,579
N00002503,314
N00002504,338
N00002505,242
N00002506,257
N00002507,307
N00002508,234
N00002509,274
N00002510,524
N00002511,168
N00002512,724
N00002513,359
N00002514,397
N00002515,339
N00002516,365
N00002517,341
N00002518,669
N00002519,340
N00002520,874
N00002521,1517
N00002522,332
N00002523,347
N00002524,420
N00002525,1980
N00002526,1205
N00002527,437
N00002528,268
N00002529,420
N00002530,385
N00002531,477
N00002532,334
N00002533,833
N00002534,466
N00002535,427
N00002536,784
N00002537,1673
N00002538,821
N00002539,296
N00002540,2245
N00002541,1157
N00002542,264
N00002543,250
N00002544,615
N00002545,360
N00002546,218
N00002547,1006
N00002548,491
N00002549,245
N00002550,265
N00002551,311
N00002552,246
N00002553,280
N00002554,340
N00002555,354
N00002556,321
N00002557,365
N00002558,298
N00002559,314
N00002560,429
N00002561,329
N00002562,360
N00002563,357
N00002564,247
N00002565,299
N00002566,310
N00002567,323
N00002568,287
N00002569,272
N00002570,227
N00002571,355
N00002572,316
N00002573,321
N00002574,346
N00002575,291
N00002576,881
N00002577,506
N00002578,271
N00002579,344
N00002580,281
N00002581,418
N00002582,1437
N00002583,305
N00002584,317
N00002585,239
N00002586,314
N00002587,760
N00002588,286
N00002589,323
N00002590,2607
N00002591,1405
N00002592,619
N00002593,262
N00002594,326
N00002595,377
N00002596,361
N00002597,303
N00002598,302
N00002599,425
N00002600,277
N00002601,343
N00002602,306
N00002603,878
N00002604,344
N00002605,205
N00002606,249
N00002607,149
N00002608,316
N00002609,847
N00002610,705
N00002611,149
N00002612,390
N00002613,739
N00002614,374
N00002615,272
N00002616,291
N00002617,389
N00002618,198
N00002619,578
N00002620,559
N00002621,186
N00002622,320
N00002623,280
N00002624,247
N00002625,351
N00002626,1058
N00002627,314
N00002628,987
N00002629,233
N00002630,276
N00002631,297
N00002632,458
N00002633,432
N00002634,291
N00002635,340
N00002636,470
N00002637,521
N00002638,528
N00002639,300
N00002640,334
N00002641,326
N00002642,466
N00002643,424
N00002644,352
N00002645,279
N00002646,351
N00002647,686
N00002648,245
N00002649,564
N00002650,323
N00002651,466
N00002652,294
N00002653,553
N00002654,278
N00002655,326
N00002656,731
N00002657,364
N00002658,483
N00002659,397
N00002660,526
N00002661,448
N00002662,423
N00002663,294
N00002664,292
N00002665,351
N00002666,247
N00002667,825
N00002668,306
N00002669,619
N00002670,1878
N00002671,1261
N00002672,361
N00002673,1362
N00002674,270
N00002675,404
N00002676,661
N00002677,415
N00002678,344
N00002679,592
N00002680,500
N00002681,470
N00002682,479
N00002683,427
N00002684,486
N00002685,402
N00002686,400
N00002687,342
N00002688,392
N00002689,295
N00002690,282
N00002691,316
N00002692,260
N00002693,336
N00002694,289
N00002695,438
N00002696,296
N00002697,345
N00002698,512
N00002699,328
N00002700,589
N00002701,562
N00002702,348
N00002703,670
N00002704,689
N00002705,507
N00002706,466
N00002707,621
N00002708,267
N00002709,464
N00002710,414
N00002711,736
N00002712,448
N00002713,452
N00002714,472
N00002715,447
N00002716,323
N00002717,564
N00002718,599
N00002719,364
N00002720,344
N00002721,322
N00002722,424
N00002723,422
N00002724,282
N00002725,414
N00002726,840
N00002727,382
N00002728,1051
N00002729,289
N00002730,319
N00002731,293
N00002732,334
N00002733,436
N00002734,515
N00002735,426
N00002736,373
N00002737,339
N00002738,437
N00002739,392
N00002740,404
N00002741,405
N00002742,698
N00002743,407
N00002744,247
N00002745,341
N00002746,303
N00002747,214
N00002748,343
N00002749,379
N00002750,303
N00002751,434
N00002752,309
N00002753,554
N00002754,399
N00002755,633
N00002756,300
N00002757,472
N00002758,276
N00002759,315
N00002760,257
N00002761,1146
N00002762,369
N00002763,423
N00002764,485
N00002765,378
N00002766,530
N00002767,427
N00002768,385
N00002769,509
N00002770,484
N00002771,291
N00002772,296
N00002773,237
N00002774,651
N00002775,565
N00002776,293
N00002777,272
N00002778,256
N00002779,539
N00002780,371
N00002781,414
N00002782,511
N00002783,533
N00002784,572
N00002785,745
N00002786,537
N00002787,490
N00002788,391
N00002789,671
N00002790,504
N00002791,410
N00002792,475
N00002793,471
N00002794,601
N00002795,619
N00002796,647
N00002797,573
N00002798,441
N00002799,326
N00002800,477
N00002801,575
N00002802,476
N00002803,483
N00002804,516
N00002805,437
N00002806,580
N00002807,438
N00002808,546
N00002809,461
N00002810,465
N00002811,376
N00002812,437
N00002813,440
N00002814,572
N00002815,381
N00002816,347
N00002817,614
N00002818,525
N00002819,671
N00002820,705
N00002821,441
N00002822,421
N00002823,440
N00002824,432
N00002825,698
N00002826,420
N00002827,392
N00002828,386
N00002829,570
N00002830,450
N00002831,541
N00002832,394
N00002833,431
N00002834,634
N00002835,501
N00002836,678
N00002837,326
N00002838,518
N00002839,429
N00002840,1416
N00002841,423
N00002842,732
N00002843,373
N00002844,411
N00002845,331
N00002846,690
N00002847,749
N00002848,1473
N00002849,278
N00002850,275
N00002851,415
N00002852,333
N00002853,1105
N00002854,532
N00002855,488
N00002856,309
N00002857,665
N00002858,669
N00002859,635
N00002860,432
N00002861,433
N00002862,306
N00002863,347
N00002864,407
N00002865,702
N00002866,502
N00002867,566
N00002868,496
N00002869,384
N00002870,688
N00002871,940
N00002872,339
N00002873,292
N00002874,307
N00002875,1145
N00002876,650
N00002877,286
N00002878,208
N00002879,483
N00002880,458
N00002881,572
N00002882,381
N00002883,500
N00002884,653
N00002885,763
N00002886,850
N00002887,732
N00002888,568
N00002889,356
N00002890,430
N00002891,739
N00002892,547
N00002893,329
N00002894,369
N00002895,595
N00002896,347
N00002897,1007
N00002898,403
N00002899,283
N00002900,294
N00002901,227
N00002902,386
N00002903,910
N00002904,552
N00002905,408
N00002906,397
N00002907,654
N00002908,564
N00002909,598
N00002910,767
N00002911,730
N00002912,333
N00002913,274
N00002914,1314
N00002915,228
N00002916,454
N00002917,322
N00002918,355
N00002919,395
N00002920,389
N00002921,401
N00002922,485
N00002923,415
N00002924,392
N00002925,368
N00002926,456
N00002927,396
N00002928,399
N00002929,667
N00002930,438
N00002931,775
N00002932,574
N00002933,495
N00002934,470
N00002935,410
N00002936,370
N00002937,456
N00002938,507
N00002939,529
N00002940,435
N00002941,310
N00002942,416
N00002943,338
N00002944,616
N00002945,412
N00002946,328
N00002947,351
N00002948,329
N00002949,335
N00002950,407
N00002951,208
N00002952,335
N00002953,248
N00002954,697
N00002955,426
N00002956,365
N00002957,325
N00002958,512
N00002959,616
N00002960,428
N00002961,364
N00002962,392
N00002963,416
N00002964,366
N00002965,345
N00002966,585
N00002967,258
N00002968,275
N00002969,220
N00002970,236
N00002971,388
N00002972,287
N00002973,429
N00002974,350
N00002975,430
N00002976,280
N00002977,440
N00002978,515
N00002979,392
N00002980,358
N00002981,276
N00002982,514
N00002983,308
N00002984,184
N00002985,119
N00002986,319
N00002987,477
N00002988,552
N00002989,584
N00002990,399
N00002991,359
N00002992,508
N00002993,255
N00002994,595
N00002995,732
N00002996,234
N00002997,284
N00002998,235
N00002999,234
N00003000,577
N00003001,255
N00003002,782
N00003003,1490
N00003004,325
N00003005,454
N00003006,450
N00003007,477
N00003008,673
N00003009,425
N00003010,350
N00003011,249
N00003012,433
N00003013,419
N00003014,444
N00003015,497
N00003016,362
N00003017,379
N00003018,277
N00003019,528
N00003020,522
N00003021,363
N00003022,264
N00003023,229
N00003024,448
N00003025,395
N00003026,538
N00003027,428
N00003028,498
N00003029,631
N00003030,302
N00003031,472
N00003032,372
N00003033,463
N00003034,239
N00003035,347
N00003036,407
N00003037,345
N00003038,373
N00003039,333
N00003040,515
N00003041,478
N00003042,295
N00003043,211
N00003044,389
N00003045,704
N00003046,312
N00003047,385
N00003048,443
N00003049,300
N00003050,328
N00003051,399
N00003052,283
N00003053,294
N00003054,336
N00003055,366
N00003056,286
N00003057,300
N00003058,255
N00003059,427
N00003060,245
N00003061,563
N00003062,520
N00003063,589
N00003064,481
N00003065,347
N00003066,416
N00003067,333
N00003068,179
N00003069,268
N00003070,268
N00003071,235
N00003072,193
N00003073,460
N00003074,554
N00003075,317
N00003076,579
N00003077,353
N00003078,604
N00003079,302
N00003080,215
N00003081,135
N00003082,190
N00003083,196
N00003084,297
N00003085,249
N00003086,244
N00003087,313
N00003088,166
N00003089,279
N00003090,312
N00003091,374
N00003092,231
N00003093,496
N00003094,259
N00003095,288
N00003096,288
N00003097,590
N00003098,688
N00003099,342
N00003100,334
N00003101,269
N00003102,438
N00003103,267
N00003104,229
N00003105,459
N00003106,205
N00003107,197
N00003108,255
N00003109,272
N00003110,214
N00003111,194
N00003112,223
N00003113,245
N00003114,289
N00003115,222
N00003116,296
N00003117,262
N00003118,184
N00003119,229
N00003120,319
N00003121,338
N00003122,246
N00003123,355
N00003124,272
N00003125,261
N00003126,415
N00003127,479
N00003128,278
N00003129,326
N00003130,307
N00003131,818
N00003132,272
N00003133,377
N00003134,304
N00003135,145
N00003136,399
N00003137,321
N00003138,314
N00003139,423
N00003140,317
N00003141,357
N00003142,910
N00003143,272
N00003144,263
N00003145,1522
N00003146,384
N00003147,1384
N00003148,344
N00003149,735
N00003150,363
N00003151,239
N00003152,412
N00003153,366
N00003154,331
N00003155,209
N00003156,230
N00003157,212
N00003158,238
N00003159,364
N00003160,204
N00003161,1593
N00003162,1002
N00003163,459
N00003164,698
N00003165,282
N00003166,633
N00003167,298
N00003168,341
N00003169,351
N00003170,763
N00003171,276
N00003172,246
N00003173,300
N00003174,220
N00003175,336
N00003176,493
N00003177,710
N00003178,327
N00003179,500
N00003180,244
N00003181,284
N00003182,273
N00003183,515
N00003184,370
N00003185,237
N00003186,283
N00003187,353
N00003188,629
N00003189,486
N00003190,425
N00003191,370
N00003192,439
N00003193,387
N00003194,463
N00003195,564
N00003196,408
N00003197,311
N00003198,297
N00003199,472
N00003200,381
N00003201,497
N00003202,468
N00003203,386
N00003204,535
N00003205,495
N00003206,321
N00003207,408
N00003208,359
N00003209,1740
N00003210,280
N00003211,238
N00003212,337
N00003213,217
N00003214,211
N00003215,238
N00003216,385
N00003217,346
N00003218,578
N00003219,857
N00003220,335
N00003221,278
N00003222,302
N00003223,247
N00003224,241
N00003225,300
N00003226,253
N00003227,248
N00003228,361
N00003229,216
N00003230,204
N00003231,183
N00003232,482
N00003233,358
N00003234,677
N00003235,624
N00003236,459
N00003237,1096
N00003238,565
N00003239,481
N00003240,783
N00003241,354
N00003242,349
N00003243,480
N00003244,395
N00003245,536
N00003246,881
N00003247,737
N00003248,341
N00003249,447
N00003250,304
N00003251,279
N00003252,392
N00003253,275
N00003254,271
N00003255,388
N00003256,353
N00003257,335
N00003258,853
N00003259,315
N00003260,379
N00003261,442
N00003262,458
N00003263,360
N00003264,423
N00003265,406
N00003266,391
N00003267,456
N00003268,413
N00003269,404
N00003270,335
N00003271,718
N00003272,644
N00003273,843
N00003274,300
N00003275,478
N00003276,925
N00003277,456
N00003278,459
N00003279,275
N00003280,1330
N00003281,349
N00003282,2965
N00003283,227
N00003284,283
N00003285,211
N00003286,309
N00003287,239
N00003288,384
N00003289,344
N00003290,619
N00003291,718
N00003292,281
N00003293,346
N00003294,366
N00003295,910
N00003296,364
N00003297,384
N00003298,585
N00003299,659
N00003300,268
N00003301,293
N00003302,462
N00003303,389
N00003304,287
N00003305,424
N00003306,755
N00003307,667
N00003308,4150
N00003309,282
N00003310,314
N00003311,1234
N00003312,385
N00003313,1448
N00003314,1009
N00003315,303
N00003316,427
N00003317,293
N00003318,952
N00003319,340
N00003320,299
N00003321,385
N00003322,383
N00003323,446
N00003324,394
N00003325,449
N00003326,683
N00003327,405
N00003328,247
N00003329,411
N00003330,343
N00003331,447
N00003332,429
N00003333,322
N00003334,334
N00003335,234
N00003336,426
N00003337,273
N00003338,237
N00003339,418
N00003340,293
N00003341,313
N00003342,373
N00003343,316
N00003344,259
N00003345,336
N00003346,447
N00003347,434
N00003348,622
N00003349,1448
N00003350,596
N00003351,440
N00003352,479
N00003353,427
N00003354,497
N00003355,460
N00003356,649
N00003357,378
N00003358,446
N00003359,447
N00003360,199
N00003361,275
N00003362,402
N00003363,650
N00003364,383
N00003365,430
N00003366,295
N00003367,317
N00003368,273
N00003369,340
N00003370,267
N00003371,450
N00003372,331
N00003373,263
N00003374,256
N00003375,231
N00003376,299
N00003377,266
N00003378,236
N00003379,299
N00003380,392
N00003381,360
N00003382,237
N00003383,251
N00003384,624
N00003385,614
N00003386,394
N00003387,425
N00003388,346
N00003389,402
N00003390,335
N00003391,364
N00003392,453
N00003393,519
N00003394,426
N00003395,314
N00003396,500
N00003397,220
N00003398,363
N00003399,508
N00003400,463
N00003401,335
N00003402,408
N00003403,284
N00003404,266
N00003405,327
N00003406,449
N00003407,786
N00003408,627
N00003409,349
N00003410,768
N00003411,314
N00003412,304
N00003413,323
N00003414,359
N00003415,308
N00003416,305
N00003417,240
N00003418,290
N00003419,299
N00003420,319
N00003421,302
N00003422,659
N00003423,523
N00003424,337
N00003425,195
N00003426,846
N00003427,334
N00003428,276
N00003429,254
N00003430,272
N00003431,454
N00003432,282
N00003433,393
N00003434,235
N00003435,206
N00003436,315
N00003437,328
N00003438,370
N00003439,277
N00003440,282
N00003441,339
N00003442,208
N00003443,1247
N00003444,458
N00003445,488
N00003446,432
N00003447,256
N00003448,566
N00003449,468
N00003450,380
N00003451,669
N00003452,431
N00003453,251
N00003454,340
N00003455,308
N00003456,327
N00003457,262
N00003458,388
N00003459,258
N00003460,712
N00003461,376
N00003462,624
N00003463,632
N00003464,359
N00003465,241
N00003466,406
N00003467,476
N00003468,222
N00003469,361
N00003470,369
N00003471,263
N00003472,327
N00003473,370
N00003474,479
N00003475,1502
N00003476,759
N00003477,483
N00003478,735
N00003479,821
N00003480,229
N00003481,164
N00003482,236
N00003483,407
N00003484,318
N00003485,278
N00003486,398
N00003487,298
N00003488,304
N00003489,818
N00003490,486
N00003491,549
N00003492,340
N00003493,636
N00003494,744
N00003495,397
N00003496,591
N00003497,441
N00003498,224
N00003499,257
N00003500,344
N00003501,273
N00003502,192
N00003503,338
N00003504,328
N00003505,205
N00003506,406
N00003507,231
N00003508,266
N00003509,297
N00003510,291
N00003511,269
N00003512,276
N00003513,488
N00003514,613
N00003515,305
N00003516,292
N00003517,549
N00003518,337
N00003519,212
N00003520,273
N00003521,993
N00003522,521
N00003523,441
N00003524,1159
N00003525,336
N00003526,253
N00003527,542
N00003528,1156
N00003529,485
N00003530,525
N00003531,372
N00003532,513
N00003533,555
N00003534,313
N00003535,489
N00003536,546
N00003537,382
N00003538,435
N00003539,412
N00003540,273
N00003541,314
N00003542,259
N00003543,621
N00003544,369
N00003545,515
N00003546,316
N00003547,729
N00003548,1888
N00003549,577
N00003550,561
N00003551,498
N00003552,512
N00003553,339
N00003554,225
N00003555,346
N00003556,785
N00003557,220
N00003558,522
N00003559,622
N00003560,677
N00003561,545
N00003562,418
N00003563,440
N00003564,426
N00003565,567
N00003566,650
N00003567,503
N00003568,412
N00003569,523
N00003570,584
N00003571,326
N00003572,530
N00003573,463
N00003574,473
N00003575,574
N00003576,541
N00003577,439
N00003578,557
N00003579,566
N00003580,409
N00003581,692
N00003582,617
N00003583,584
N00003584,286
N00003585,325
N00003586,313
N00003587,575
N00003588,691
N00003589,649
N00003590,688
N00003591,636
N00003592,367
N00003593,683
N00003594,900
N00003595,334
N00003596,329
N00003597,509
N00003598,406
N00003599,387
N00003600,348
N00003601,389
N00003602,376
N00003603,381
N00003604,349
N00003605,302
N00003606,339
N00003607,596
N00003608,491
N00003609,320
N00003610,294
N00003611,284
N00003612,509
N00003613,455
N00003614,559
N00003615,355
N00003616,368
N00003617,349
N00003618,414
N00003619,412
N00003620,477
N00003621,539
N00003622,612
N00003623,286
N00003624,731
N00003625,371
N00003626,394
N00003627,344
N00003628,323
N00003629,280
N00003630,626
N00003631,203
N00003632,252
N00003633,279
N00003634,337
N00003635,344
N00003636,387
N00003637,349
N00003638,474
N00003639,346
N00003640,323
N00003641,457
N00003642,332
N00003643,409
N00003644,303
N00003645,512
N00003646,491
N00003647,663
N00003648,462
N00003649,407
N00003650,375
N00003651,357
N00003652,635
N00003653,342
N00003654,255
N00003655,242
N00003656,549
N00003657,373
N00003658,536
N00003659,373
N00003660,411
N00003661,441
N00003662,241
N00003663,271
N00003664,586
N00003665,491
N00003666,518
N00003667,410
N00003668,429
N00003669,488
N00003670,366
N00003671,339
N00003672,318
N00003673,235
N00003674,469
N00003675,332
N00003676,326
N00003677,316
N00003678,371
N00003679,320
N00003680,223
N00003681,563
N00003682,202
N00003683,419
N00003684,559
N00003685,367
N00003686,366
N00003687,461
N00003688,384
N00003689,285
N00003690,558
N00003691,469
N00003692,412
N00003693,458
N00003694,584
N00003695,409
N00003696,469
N00003697,512
N00003698,795
N00003699,430
N00003700,465
N00003701,705
N00003702,881
N00003703,661
N00003704,457
N00003705,427
N00003706,556
N00003707,687
N00003708,553
N00003709,473
N00003710,420
N00003711,665
N00003712,406
N00003713,394
N00003714,362
N00003715,278
N00003716,350
N00003717,252
N00003718,1588
N00003719,421
N00003720,488
N00003721,707
N00003722,634
N00003723,451
N00003724,468
N00003725,353
N00003726,539
N00003727,375
N00003728,449
N00003729,429
N00003730,608
N00003731,401
N00003732,677
N00003733,380
N00003734,388
N00003735,287
N00003736,360
N00003737,539
N00003738,291
N00003739,426
N00003740,300
N00003741,244
N00003742,576
N00003743,550
N00003744,432
N00003745,522
N00003746,339
N00003747,293
N00003748,446
N00003749,525
N00003750,506
N00003751,549
N00003752,597
N00003753,485
N00003754,418
N00003755,452
N00003756,347
N00003757,380
N00003758,707
N00003759,419
N00003760,351
N00003761,461
N00003762,534
N00003763,540
N00003764,753
N00003765,455
N00003766,531
N00003767,517
N00003768,712
N00003769,435
N00003770,449
N00003771,461
N00003772,194
N00003773,299
N00003774,328
N00003775,727
N00003776,348
N00003777,300
N00003778,385
N00003779,359
N00003780,415
N00003781,453
N00003782,592
N00003783,339
N00003784,541
N00003785,686
N00003786,509
N00003787,461
N00003788,359
N00003789,481
N00003790,392
N00003791,867
N00003792,319
N00003793,778
N00003794,410
N00003795,664
N00003796,687
N00003797,544
N00003798,521
N00003799,290
N00003800,513
N00003801,416
N00003802,292
N00003803,376
N00003804,418
N00003805,337
N00003806,426
N00003807,312
N00003808,356
N00003809,460
N00003810,208
N00003811,340
N00003812,364
N00003813,303
N00003814,376
N00003815,635
N00003816,339
N00003817,504
N00003818,619
N00003819,417
N00003820,681
N00003821,416
N00003822,557
N00003823,657
N00003824,843
N00003825,1118
N00003826,785
N00003827,1152
N00003828,501
N00003829,551
N00003830,624
N00003831,584
N00003832,602
N00003833,511
N00003834,406
N00003835,499
N00003836,345
N00003837,330
N00003838,422
N00003839,379
N00003840,465
N00003841,290
N00003842,444
N00003843,341
N00003844,543
N00003845,317
N00003846,629
N00003847,253
N00003848,348
N00003849,615
N00003850,453
N00003851,534
N00003852,403
N00003853,588
N00003854,560
N00003855,519
N00003856,503
N00003857,563
N00003858,592
N00003859,489
N00003860,1073
N00003861,611
N00003862,419
N00003863,295
N00003864,383
N00003865,261
N00003866,329
N00003867,756
N00003868,355
N00003869,1201
N00003870,229
N00003871,823
N00003872,291
N00003873,986
N00003874,579
N00003875,461
N00003876,677
N00003877,356
N00003878,475
N00003879,536
N00003880,474
N00003881,497
N00003882,310
N00003883,804
N00003884,800
N00003885,353
N00003886,295
N00003887,501
N00003888,241
N00003889,431
N00003890,320
N00003891,273
N00003892,276
N00003893,278
N00003894,290
N00003895,252
N00003896,831
N00003897,319
N00003898,409
N00003899,336
N00003900,257
N00003901,263
N00003902,533
N00003903,664
N00003904,598
N00003905,275
N00003906,199
N00003907,299
N00003908,201
N00003909,303
N00003910,251
N00003911,1332
N00003912,501
N00003913,269
N00003914,342
N00003915,350
N00003916,357
N00003917,253
N00003918,294
N00003919,293
N00003920,331
N00003921,312
N00003922,265
N00003923,295
N00003924,291
N00003925,272
N00003926,346
N00003927,284
N00003928,474
N00003929,279
N00003930,323
N00003931,225
N00003932,388
N00003933,856
N00003934,358
N00003935,387
N00003936,1038
N00003937,355
N00003938,271
N00003939,398
N00003940,449
N00003941,400
N00003942,538
N00003943,690
N00003944,360
N00003945,315
N00003946,440
N00003947,771
N00003948,298
N00003949,288
N00003950,270
N00003951,237
N00003952,277
N00003953,270
N00003954,226
N00003955,246
N00003956,300
N00003957,227
N00003958,578
N00003959,261
N00003960,269
N00003961,254
N00003962,773
N00003963,300
N00003964,388
N00003965,347
N00003966,315
N00003967,406
N00003968,299
N00003969,262
N00003970,343
N00003971,329
N00003972,336
N00003973,343
N00003974,696
N00003975,361
N00003976,326
N00003977,269
N00003978,382
N00003979,356
N00003980,369
N00003981,271
N00003982,216
N00003983,262
N00003984,382
N00003985,335
N00003986,261
N00003987,290
N00003988,267
N00003989,177
N00003990,443
N00003991,310
N00003992,365
N00003993,376
N00003994,351
N00003995,384
N00003996,388
N00003997,406
N00003998,344
N00003999,381
N00004000,321
N00004001,353
N00004002,287
N00004003,385
N00004004,242
N00004005,173
N00004006,219
N00004007,321
N00004008,463
N00004009,350
N00004010,348
N00004011,498
N00004012,318
N00004013,295
N00004014,324
N00004015,301
N00004016,343
N00004017,289
N00004018,304
N00004019,317
N00004020,368
N00004021,295
N00004022,280
N00004023,233
N00004024,283
N00004025,417
N00004026,311
N00004027,282
N00004028,271
N00004029,352
N00004030,285
N00004031,233
N00004032,229
N00004033,291
N00004034,300
N00004035,289
N00004036,252
N00004037,314
N00004038,248
N00004039,287
N00004040,303
N00004041,318
N00004042,534
N00004043,315
N00004044,300
N00004045,325
N00004046,291
N00004047,1075
N00004048,584
N00004049,475
N00004050,944
N00004051,978
N00004052,313
N00004053,357
N00004054,464
N00004055,223
N00004056,414
N00004057,378
N00004058,1471
N00004059,2695
N00004060,1301
N00004061,709
N00004062,449
N00004063,874
N00004064,570
N00004065,224
N00004066,267
N00004067,251
N00004068,277
N00004069,236
N00004070,221
N00004071,268
N00004072,413
N00004073,1123
N00004074,292
N00004075,379
N00004076,292
N00004077,337
N00004078,297
N00004079,360
N00004080,326
N00004081,255
N00004082,380
N00004083,321
N00004084,331
N00004085,1071
N00004086,223
N00004087,702
N00004088,404
N00004089,292
N00004090,764
N00004091,943
N00004092,239
N00004093,337
N00004094,805
N00004095,514
N00004096,233
N00004097,592
N00004098,295
N00004099,560
N00004100,334
N00004101,191
N00004102,330
N00004103,207
N00004104,200
N00004105,208
N00004106,210
N00004107,251
N00004108,293
N00004109,287
N00004110,268
N00004111,342
N00004112,383
N00004113,696
N00004114,299
N00004115,360
N00004116,667
N00004117,456
N00004118,311
N00004119,298
N00004120,238
N00004121,373
N00004122,364
N00004123,365
N00004124,310
N00004125,360
N00004126,278
N00004127,322
N00004128,446
N00004129,301
N00004130,312
N00004131,294
N00004132,342
N00004133,306
N00004134,300
N00004135,330
N00004136,388
N00004137,376
N00004138,300
N00004139,662
N00004140,446
N00004141,294
N00004142,351
N00004143,307
N00004144,527
N00004145,274
N00004146,353
N00004147,323
N00004148,212
N00004149,253
N00004150,523
N00004151,320
N00004152,199
N00004153,336
N00004154,260
N00004155,320
N00004156,213
N00004157,507
N00004158,425
N00004159,131
N00004160,334
N00004161,313
N00004162,230
N00004163,365
N00004164,393
N00004165,394
N00004166,292
N00004167,395
N00004168,216
N00004169,326
N00004170,274
N00004171,294
N00004172,241
N00004173,248
N00004174,295
N00004175,266
N00004176,361
N00004177,145
N00004178,312
N00004179,340
N00004180,253
N00004181,267
N00004182,345
N00004183,85
N00004184,274
N00004185,659
N00004186,293
N00004187,407
N00004188,284
N00004189,239
N00004190,504
N00004191,569
N00004192,327
N00004193,293
N00004194,292
N00004195,271
N00004196,1006
N00004197,301
N00004198,254
N00004199,817
N00004200,421
N00004201,388
N00004202,340
N00004203,359
N00004204,337
N00004205,276
N00004206,309
N00004207,480
N00004208,518
N00004209,696
N00004210,313
N00004211,783
N00004212,2619
N00004213,728
N00004214,383
N00004215,318
N00004216,398
N00004217,209
N00004218,276
N00004219,329
N00004220,279
N00004221,347
N00004222,354
N00004223,280
N00004224,338
N00004225,278
N00004226,411
N00004227,285
N00004228,916
N00004229,369
N00004230,277
N00004231,376
N00004232,248
N00004233,336
N00004234,261
N00004235,324
N00004236,303
N00004237,298
N00004238,353
N00004239,311
N00004240,334
N00004241,274
N00004242,368
N00004243,290
N00004244,204
N00004245,459
N00004246,439
N00004247,301
N00004248,243
N00004249,265
N00004250,258
N00004251,293
N00004252,288
N00004253,295
N00004254,313
N00004255,210
N00004256,905
N00004257,229
N00004258,275
N00004259,218
N00004260,321
N00004261,220
N00004262,304
N00004263,259
N00004264,549
N00004265,222
N00004266,326
N00004267,556
N00004268,436
N00004269,270
N00004270,460
N00004271,297
N00004272,203
N00004273,412
N00004274,234
N00004275,255
N00004276,453
N00004277,331
N00004278,267
N00004279,320
N00004280,317
N00004281,490
N00004282,250
N00004283,353
N00004284,358
N00004285,368
N00004286,335
N00004287,684
N00004288,239
N00004289,223
N00004290,608
N00004291,305
N00004292,288
N00004293,255
N00004294,577
N00004295,288
N00004296,339
N00004297,342
N00004298,406
N00004299,541
N00004300,187
N00004301,393
N00004302,454
N00004303,261
N00004304,290
N00004305,289
N00004306,363
N00004307,249
N00004308,250
N00004309,230
N00004310,210
N00004311,252
N00004312,284
N00004313,299
N00004314,731
N00004315,217
N00004316,282
N00004317,275
N00004318,256
N00004319,263
N00004320,315
N00004321,587
N00004322,323
N00004323,338
N00004324,261
N00004325,274
N00004326,294
N00004327,301
N00004328,312
N00004329,255
N00004330,294
N00004331,290
N00004332,327
N00004333,273
N00004334,232
N00004335,226
N00004336,320
N00004337,294
N00004338,403
N00004339,595
N00004340,442
N00004341,472
N00004342,771
N00004343,331
N00004344,302
N00004345,493
N00004346,341
N00004347,444
N00004348,201
N00004349,247
N00004350,1234
N00004351,557
N00004352,598
N00004353,531
N00004354,395
N00004355,332
N00004356,261
N00004357,1399
N00004358,288
N00004359,1125
N00004360,498
N00004361,535
N00004362,606
N00004363,479
N00004364,378
N00004365,515
N00004366,292
N00004367,692
N00004368,502
N00004369,399
N00004370,682
N00004371,431
N00004372,497
N00004373,538
N00004374,538
N00004375,851
N00004376,439
N00004377,519
N00004378,286
N00004379,275
N00004380,306
N00004381,254
N00004382,398
N00004383,281
N00004384,261
N00004385,260
N00004386,448
N00004387,354
N00004388,432
N00004389,510
N00004390,451
N00004391,472
N00004392,327
N00004393,307
N00004394,245
N00004395,237
N00004396,460
N00004397,353
N00004398,561
N00004399,711
N00004400,554
N00004401,887
N00004402,1224
N00004403,315
N00004404,698
N00004405,678
N00004406,467
N00004407,396
N00004408,339
N00004409,483
N00004410,729
N00004411,474
N00004412,363
N00004413,205
N00004414,189
N00004415,1069
N00004416,674
N00004417,713
N00004418,510
N00004419,471
N00004420,551
N00004421,325
N00004422,569
N00004423,512
N00004424,427
N00004425,497
N00004426,489
N00004427,344
N00004428,411
N00004429,521
N00004430,575
N00004431,540
N00004432,157
N00004433,607
N00004434,435
N00004435,361
N00004436,468
N00004437,375
N00004438,520
N00004439,556
N00004440,598
N00004441,589
N00004442,565
N00004443,628
N00004444,325
N00004445,396
N00004446,464
N00004447,340
N00004448,515
N00004449,495
N00004450,440
N00004451,667
N00004452,265
N00004453,301
N00004454,279
N00004455,283
N00004456,294
N00004457,272
N00004458,262
N00004459,896
N00004460,230
N00004461,412
N00004462,287
N00004463,449
N00004464,391
N00004465,536
N00004466,424
N00004467,388
N00004468,474
N00004469,399
N00004470,303
N00004471,402
N00004472,794
N00004473,338
N00004474,840
N00004475,273
N00004476,244
N00004477,305
N00004478,628
N00004479,536
N00004480,456
N00004481,564
N00004482,389
N00004483,406
N00004484,628
N00004485,421
N00004486,349
N00004487,457
N00004488,442
N00004489,372
N00004490,485
N00004491,344
N00004492,355
N00004493,383
N00004494,325
N00004495,323
N00004496,949
N00004497,413
N00004498,1681
N00004499,215
N00004500,237
N00004501,409
N00004502,321
N00004503,375
N00004504,274
N00004505,418
N00004506,377
N00004507,267
N00004508,670
N00004509,263
N00004510,319
N00004511,250
N00004512,546
N00004513,437
N00004514,639
N00004515,373
N00004516,362
N00004517,378
N00004518,306
N00004519,347
N00004520,1247
N00004521,354
N00004522,315
N00004523,363
N00004524,273
N00004525,338
N00004526,409
N00004527,293
N00004528,497
N00004529,326
N00004530,424
N00004531,392
N00004532,387
N00004533,300
N00004534,1229
N00004535,821
N00004536,251
N00004537,246